Nombre,Items vendidos,Link,Categoría
Nombre,Items vendidos,Link,Categoría
Nombre,Items vendidos,Link,Categoría
Nombre,Items vendidos,Link,Categoría
Nombre,Items vendidos,Link,Categoría
Nombre,Items vendidos,Link,Categoría
Nombre,Items vendidos,Link,Categoría
Nombre,Items vendidos,Link,Categoría
Nombre,Items vendidos,Link,Categoría
Nombre,Items vendidos,Link,Categoría
Nombre,Items vendidos,Link,Categoría
Nombre,Items vendidos,Link,Categoría
Nombre,Items vendidos,Link,Categoría
Nombre,Items vendidos,Link,Categoría
Nombre,Items vendidos,Link,Categoría
Nombre,Items vendidos,Link,Categoría
Nombre,Items vendidos,Link,Categoría
